year,state,total,predominant,less_than_hs,hs_graduate,some_college,bachelor_degree
2019,California,26937872,bachelor's degree or higher,4301513,5546711,7661164,9428484
2018,California,26815644,bachelor's degree or higher,4355017,5559362,7730189,9171076
2017,California,26679273,bachelor's degree or higher,4449302,5541182,7712542,8976247
2016,California,26304241,bachelor's degree or higher,4618663,5390935,7634173,8660470
2015,California,26085263,bachelor's degree or higher,4643510,5430081,7595982,8415690
2014,California,25654292,bachelor's degree or higher,4593525,5360853,7563244,8136670
2013,California,25147232,bachelor's degree or higher,4608007,5228893,7504598,7805734
2012,California,24779784,bachelor's degree or higher,4586733,5107967,7424555,7660529
2011,California,24443872,bachelor's degree or higher,4622091,5150994,7264467,7406320
2010,California,24097200,bachelor's degree or higher,4650042,5012413,7183474,7251271
2009,California,23782109,bachelor's degree or higher,4609666,4979576,7082418,7110449
2008,California,23528476,some college or associate's degree,4651663,4903309,7011378,6962126
2007,California,23331762,bachelor's degree or higher,4612748,5396253,6439237,6883524
2006,California,23133174,bachelor's degree or higher,4605354,5368962,6452560,6706298
2005,California,22299041,bachelor's degree or higher,4442198,4868430,6402453,6585960
2019,Texas,18772550,bachelor's degree or higher,2882388,4734422,5379207,5776533
2018,Texas,18477097,bachelor's degree or higher,2963969,4627856,5284495,5600777
2017,Texas,18149346,bachelor's degree or higher,2969023,4552676,5256158,5371489
2019,New York,13664734,bachelor's degree or higher,1694230,3524192,3280094,5166218
2016,Texas,17775280,bachelor's degree or higher,3036008,4474711,5128874,5135687
2018,New York,13672343,bachelor's degree or higher,1757364,3546789,3276724,5091466
2015,Texas,17472861,some college or associate's degree,3071142,4425654,5020691,4955374
2014,Texas,17087888,some college or associate's degree,3045695,4298854,4994310,4749029
2017,New York,13821132,bachelor's degree or higher,1854945,3634065,3351960,4980162
2016,New York,13653592,bachelor's degree or higher,1868292,3574814,3342674,4867812
2013,Texas,16673656,some college or associate's degree,3017797,4207669,4856039,4592151
2012,Texas,16390379,some college or associate's degree,3042296,4124497,4839506,4384080
2015,New York,13641473,bachelor's degree or higher,1915867,3615023,3332120,4778463
2019,Florida,15484502,bachelor's degree or higher,1794635,4396122,4540108,4753637
2011,Texas,16074391,some college or associate's degree,3042227,4099519,4684966,4247679
2014,New York,13539612,bachelor's degree or higher,1930575,3599907,3341148,4667982
2018,Florida,15302125,bachelor's degree or higher,1761732,4387954,4505209,4647230
2010,Texas,15772122,some college or associate's degree,3048321,4033241,4598790,4091770
2013,New York,13419310,bachelor's degree or higher,1933631,3594712,3317089,4573878
2017,Florida,15020177,some college or associate's degree,1745933,4330040,4489712,4454492
2009,Texas,15361557,some college or associate's degree,3093666,3906082,4444505,3917304
2012,New York,13309761,bachelor's degree or higher,1954719,3579976,3331304,4443762
2016,Florida,14703671,some college or associate's degree,1855213,4249733,4390269,4208456
2008,Texas,15124846,some college or associate's degree,3082598,3848003,4362145,3832100
2011,New York,13197704,bachelor's degree or higher,1974266,3635549,3242222,4345667
2015,Florida,14394281,some college or associate's degree,1781252,4201879,4318812,4092338
2009,New York,13197392,bachelor's degree or higher,2025620,3641890,3254419,4275463
2014,Florida,14041196,some college or associate's degree,1795693,4151300,4263699,3830504
2010,New York,13089848,bachelor's degree or higher,1982107,3627235,3220714,4259792
2008,New York,13072344,bachelor's degree or higher,2078711,3614690,3205754,4173189
2013,Florida,13726996,some college or associate's degree,1807169,4042708,4142944,3734175
2007,New York,12900108,bachelor's degree or higher,2057353,3793882,2958889,4089984
2012,Florida,13503747,some college or associate's degree,1821458,4020195,4039025,3623069
2011,Florida,13267581,high school graduate (includes equivalency),1867802,4033074,3937476,3429229
2007,Texas,14836320,high school graduate (includes equivalency),3097315,4023210,3982870,3732925
2006,New York,12845882,bachelor's degree or higher,2047594,3830283,2964040,4003965
2006,Texas,14551694,high school graduate (includes equivalency),3117095,3964551,3874527,3595521
2007,Florida,12588083,high school graduate (includes equivalency),1899475,3962460,3483704,3242444
2005,New York,12546501,bachelor's degree or higher,1966624,3659953,2995991,3923933
2010,Florida,13077179,high school graduate (includes equivalency),1899051,3916584,3890293,3371251
2006,Florida,12460438,high school graduate (includes equivalency),1925363,3880665,3499960,3154450
2009,Florida,12800944,high school graduate (includes equivalency),1884001,3863394,3819835,3233714
2008,Florida,12699412,high school graduate (includes equivalency),1876816,3802995,3741154,3278447
2005,Texas,13771855,some college or associate's degree,2926461,3612343,3772239,3460812
2005,Florida,11850782,high school graduate (includes equivalency),1825829,3619623,3426742,2978588
2006,Pennsylvania,8431859,high school graduate (includes equivalency),1164007,3277304,1845376,2145172
2011,Pennsylvania,8714235,high school graduate (includes equivalency),992098,3270338,2102126,2349673
2010,Pennsylvania,8654829,high school graduate (includes equivalency),1000687,3246315,2064342,2343485
2009,Pennsylvania,8609133,high school graduate (includes equivalency),1040305,3241376,2056182,2271270
2007,Pennsylvania,8436765,high school graduate (includes equivalency),1113266,3240835,1903405,2179259
2012,Pennsylvania,8756317,high school graduate (includes equivalency),969349,3220877,2130557,2435534
2014,Pennsylvania,8858865,high school graduate (includes equivalency),934968,3220327,2135845,2567725
2013,Pennsylvania,8809510,high school graduate (includes equivalency),951728,3209801,2120807,2527174
2015,Pennsylvania,8895727,high school graduate (includes equivalency),917150,3174802,2162752,2641023
2008,Pennsylvania,8475332,high school graduate (includes equivalency),1062895,3164208,2022574,2225655
2005,Pennsylvania,8180457,high school graduate (includes equivalency),1089085,3160932,1830576,2099864
2017,Pennsylvania,8960842,high school graduate (includes equivalency),844296,3134497,2164813,2817236
2016,Pennsylvania,8921975,high school graduate (includes equivalency),880346,3132444,2161448,2747737
2018,Pennsylvania,8994627,high school graduate (includes equivalency),812098,3113998,2206049,2862482
2019,Illinois,8694694,bachelor's degree or higher,882637,2255611,2447474,3108972
2019,Pennsylvania,9028036,high school graduate (includes equivalency),811832,3103046,2195756,2917402
2018,Illinois,8706376,bachelor's degree or higher,914782,2269285,2469625,3052684
2017,Illinois,8707057,bachelor's degree or higher,949880,2272174,2487198,2997805
2016,Illinois,8665219,bachelor's degree or higher,966427,2250392,2506115,2942285
2015,Illinois,8661938,bachelor's degree or higher,991602,2314192,2502604,2853540
2014,Illinois,8639076,bachelor's degree or higher,1021866,2305681,2478122,2833407
2006,Ohio,7602462,high school graduate (includes equivalency),1045835,2817083,1994738,1744806
2007,Ohio,7627615,high school graduate (includes equivalency),987542,2805856,1998913,1835304
2013,Illinois,8593665,bachelor's degree or higher,1045002,2321273,2467288,2760102
2009,Ohio,7738348,high school graduate (includes equivalency),957753,2726971,2186848,1866776
2010,Ohio,7720849,high school graduate (includes equivalency),915093,2718983,2185983,1900790
2005,Ohio,7405261,high school graduate (includes equivalency),1013323,2715259,1951107,1725572
2008,Ohio,7664309,high school graduate (includes equivalency),947622,2713868,2155765,1847054
2012,Illinois,8558895,bachelor's degree or higher,1061131,2313202,2477209,2707353
2011,Ohio,7749236,high school graduate (includes equivalency),906505,2695735,2236251,1910745
2012,Ohio,7770716,high school graduate (includes equivalency),871251,2687397,2250756,1961312
2013,Ohio,7805254,high school graduate (includes equivalency),856589,2668826,2239273,2040566
2014,Ohio,7857460,high school graduate (includes equivalency),836031,2666563,2262648,2092218
2015,Ohio,7896470,high school graduate (includes equivalency),813274,2664823,2303257,2115116
2017,Ohio,7981885,high school graduate (includes equivalency),777688,2661209,2311638,2231350
2011,Illinois,8521694,bachelor's degree or higher,1091581,2351322,2434927,2643864
2016,Ohio,7922061,high school graduate (includes equivalency),790316,2639028,2313036,2179681
2019,Ohio,8049805,high school graduate (includes equivalency),740847,2627758,2324615,2356585
2018,Ohio,8027035,high school graduate (includes equivalency),746400,2625971,2329054,2325610
2010,Illinois,8465762,bachelor's degree or higher,1110491,2336176,2415178,2603917
2009,Illinois,8437673,bachelor's degree or higher,1146840,2302533,2406837,2581463
2019,New Jersey,6191229,bachelor's degree or higher,599619,1666321,1373524,2551765
2018,New Jersey,6189243,bachelor's degree or higher,607496,1629398,1427357,2524992
2008,Illinois,8393247,bachelor's degree or higher,1185424,2295552,2404577,2507694
2017,New Jersey,6234538,bachelor's degree or higher,628185,1696858,1432788,2476707
2007,Illinois,8354987,bachelor's degree or higher,1195390,2432952,2264808,2461837
2006,Illinois,8326130,bachelor's degree or higher,1245564,2405207,2269595,2405764
2016,New Jersey,6171172,bachelor's degree or higher,660676,1706073,1424621,2379802
2005,Illinois,8079881,bachelor's degree or higher,1153782,2283031,2281131,2361937
2019,Virginia,5872757,bachelor's degree or higher,584712,1387610,1575365,2325070
2019,North Carolina,7187077,bachelor's degree or higher,818924,1839042,2207926,2321185
2015,New Jersey,6166384,bachelor's degree or higher,674759,1757377,1416175,2318073
2019,Georgia,7080222,bachelor's degree or higher,856025,1939945,1982684,2301568
2014,New Jersey,6127931,bachelor's degree or higher,669926,1729723,1437014,2291268
2018,Virginia,5822007,bachelor's degree or higher,588385,1398061,1545104,2290457
2018,North Carolina,7102144,bachelor's degree or higher,834880,1802360,2198103,2266801
2018,Michigan,6869846,some college or associate's degree,612424,1972855,2252674,2031893
2017,Michigan,6819310,some college or associate's degree,619966,1969839,2243941,1985564
2017,Virginia,5779221,bachelor's degree or higher,593377,1396487,1552141,2237216
2013,New Jersey,6086705,bachelor's degree or higher,699065,1751336,1410435,2225869
2016,Michigan,6760402,some college or associate's degree,647909,1978343,2224320,1909830
2018,Georgia,6978172,bachelor's degree or higher,866099,1942122,1945918,2224033
2019,Michigan,6894627,some college or associate's degree,596287,2005981,2221564,2070795
2015,Michigan,6728347,some college or associate's degree,662900,1979472,2215502,1870473
2014,Michigan,6680525,some college or associate's degree,677590,1980847,2194749,1827339
2012,New Jersey,6049352,bachelor's degree or higher,709751,1737574,1409844,2192183
2017,North Carolina,6991185,bachelor's degree or higher,853789,1800555,2146162,2190679
2013,Michigan,6645295,some college or associate's degree,702639,1971925,2183344,1787387
2019,Massachusetts,4850576,bachelor's degree or higher,420941,1158066,1089826,2181743
2016,Virginia,5721173,bachelor's degree or higher,614314,1372836,1555338,2178685
2012,Michigan,6621018,some college or associate's degree,715558,2024195,2157862,1723403
2006,Michigan,6638666,high school graduate (includes equivalency),848597,2157157,2007450,1625462
2007,Michigan,6647129,high school graduate (includes equivalency),834532,2154359,2014786,1643452
2018,Massachusetts,4832728,bachelor's degree or higher,446304,1126183,1108231,2152010
2010,Michigan,6569801,some college or associate's degree,741122,2032219,2141279,1655181
2009,Michigan,6624875,some college or associate's degree,801232,2057412,2137405,1628826
2016,North Carolina,6877185,some college or associate's degree,873197,1775886,2136997,2091105
2008,Michigan,6627768,some college or associate's degree,788503,2064234,2134858,1640173
2011,Michigan,6588324,some college or associate's degree,737996,2028204,2133855,1688269
2017,Georgia,6896026,bachelor's degree or higher,893436,1936501,1934611,2131478
2011,New Jersey,6004613,bachelor's degree or higher,712632,1767217,1405861,2118903
2010,New Jersey,5970904,bachelor's degree or higher,713734,1761246,1382608,2113316
2015,Virginia,5685318,bachelor's degree or higher,629761,1399157,1554356,2102044
2017,Massachusetts,4788573,bachelor's degree or higher,442458,1163526,1103918,2078671
2015,North Carolina,6762644,some college or associate's degree,909419,1785510,2076658,1991057
2014,North Carolina,6661937,some college or associate's degree,902726,1772285,2074362,1912564
2014,Virginia,5623295,bachelor's degree or higher,644989,1382376,1529591,2066339
2016,Georgia,6785395,bachelor's degree or higher,922626,1884080,1912413,2066276
2009,New Jersey,5905302,bachelor's degree or higher,743210,1734474,1390137,2037481
2005,Michigan,6454327,high school graduate (includes equivalency),837182,2026459,1999180,1591506
2013,North Carolina,6568110,some college or associate's degree,938603,1743595,2020923,1864989
2016,Massachusetts,4727515,bachelor's degree or higher,452685,1156496,1097988,2020346
2008,New Jersey,5864395,bachelor's degree or higher,740588,1727649,1378534,2017624
2013,Virginia,5561224,bachelor's degree or higher,646424,1380486,1523979,2010335
2015,Georgia,6683767,bachelor's degree or higher,925736,1879302,1878616,2000113
2012,North Carolina,6489883,some college or associate's degree,962451,1760704,1990870,1775858
2007,New Jersey,5850926,bachelor's degree or higher,759696,1822803,1287211,1981216
2006,New Jersey,5871240,bachelor's degree or higher,818176,1785750,1303600,1963714
2019,Washington,5290324,bachelor's degree or higher,440074,1167347,1727271,1955632
2011,North Carolina,6399357,some college or associate's degree,976638,1745251,1954994,1722474
2015,Massachusetts,4706644,bachelor's degree or higher,459349,1184423,1111183,1951689
2012,Virginia,5504766,bachelor's degree or higher,666208,1392291,1494763,1951504
2005,New Jersey,5666759,bachelor's degree or higher,778992,1670430,1277143,1940194
2010,North Carolina,6325621,some college or associate's degree,964827,1749642,1937833,1673319
2014,Massachusetts,4654351,bachelor's degree or higher,479847,1161032,1096743,1916729
2018,Washington,5215063,bachelor's degree or higher,437484,1133822,1730653,1913104
2014,Georgia,6576408,bachelor's degree or higher,943888,1869967,1851953,1910600
2011,Virginia,5418844,bachelor's degree or higher,658888,1388613,1467849,1903494
2009,North Carolina,6150247,some college or associate's degree,963724,1678361,1875589,1632573
2013,Massachusetts,4604795,bachelor's degree or higher,465085,1190870,1093464,1855376
2007,Georgia,6074860,high school graduate (includes equivalency),1038940,1852511,1538713,1644696
2013,Georgia,6472172,high school graduate (includes equivalency),939819,1850063,1849171,1833119
2011,Georgia,6308961,high school graduate (includes equivalency),989332,1849141,1731523,1738965
2010,Virginia,5361301,bachelor's degree or higher,721676,1363946,1440061,1835618
2012,Georgia,6403838,some college or associate's degree,960025,1810866,1825672,1807275
2010,Georgia,6235623,high school graduate (includes equivalency),979559,1824976,1729330,1701758
2008,North Carolina,6085315,some college or associate's degree,996140,1680882,1822212,1586081
2008,Georgia,6191871,high school graduate (includes equivalency),996599,1817100,1675706,1702466
2006,Georgia,5968250,high school graduate (includes equivalency),1063078,1811581,1506966,1586625
2017,Washington,5101968,bachelor's degree or higher,443963,1128284,1718602,1811119
2009,Georgia,6230326,high school graduate (includes equivalency),1001937,1799352,1712992,1716045
2012,Massachusetts,4556609,bachelor's degree or higher,471324,1181922,1113418,1789945
2009,Virginia,5207987,bachelor's degree or higher,697914,1324689,1415127,1770257
2007,North Carolina,5959907,high school graduate (includes equivalency),1013687,1766873,1652259,1527088
2011,Massachusetts,4502048,bachelor's degree or higher,485372,1165691,1088475,1762510
2016,Washington,4996555,bachelor's degree or higher,458837,1111786,1670222,1755710
2006,North Carolina,5845235,high school graduate (includes equivalency),1051206,1738948,1604003,1451078
2010,Massachusetts,4458898,bachelor's degree or higher,485401,1168464,1066134,1738899
2008,Virginia,5155750,bachelor's degree or higher,725276,1298100,1395392,1736982
2009,Massachusetts,4490445,bachelor's degree or higher,495310,1181095,1097462,1716578
2007,Virginia,5104681,bachelor's degree or higher,722008,1390436,1278990,1713247
2019,Maryland,4183858,bachelor's degree or higher,402152,1030636,1040840,1710230
2018,Maryland,4167339,bachelor's degree or higher,396131,1009495,1061018,1700695
2019,Colorado,3974943,bachelor's degree or higher,302220,836590,1140531,1695602
2008,Massachusetts,4397927,bachelor's degree or higher,496627,1172132,1053901,1675267
2015,Washington,4889314,bachelor's degree or higher,448231,1127649,1642541,1670893
2005,Georgia,5632169,high school graduate (includes equivalency),970452,1669685,1463170,1528862
2019,Arizona,4944540,some college or associate's degree,612998,1170685,1668699,1492158
2006,Virginia,5068993,bachelor's degree or higher,742066,1376944,1290027,1659956
2007,Massachusetts,4369419,bachelor's degree or higher,507205,1214179,992067,1655968
2017,Maryland,4167604,bachelor's degree or higher,420009,1020828,1074187,1652580
2014,Washington,4784484,some college or associate's degree,458561,1090724,1650423,1584776
2005,North Carolina,5568889,high school graduate (includes equivalency),984958,1638855,1545514,1399562
2018,Arizona,4840304,some college or associate's degree,605934,1159297,1636580,1438493
2012,Washington,4645859,some college or associate's degree,446094,1101227,1627023,1471515
2018,Colorado,3900287,bachelor's degree or higher,317116,812615,1145007,1625549
2016,Maryland,4122508,bachelor's degree or higher,407229,1046470,1047680,1621129
2005,Virginia,4866265,bachelor's degree or higher,711070,1297610,1242581,1615004
2006,Massachusetts,4345561,bachelor's degree or higher,524443,1226480,985890,1608748
2013,Washington,4706104,some college or associate's degree,463597,1095589,1606450,1540468
2015,Maryland,4102486,bachelor's degree or higher,425666,1029325,1055881,1591614
2017,Arizona,4711362,some college or associate's degree,604898,1136493,1586879,1383092
2011,Washington,4583426,some college or associate's degree,451804,1092508,1578110,1461004
2017,Colorado,3822068,bachelor's degree or higher,319636,815595,1112140,1574697
2010,Washington,4505657,some college or associate's degree,459292,1072578,1574549,1399238
2016,Arizona,4626409,some college or associate's degree,614439,1105497,1570579,1335894
2005,Massachusetts,4243260,bachelor's degree or higher,509374,1164066,1005662,1564158
2014,Maryland,4062813,bachelor's degree or higher,422614,1043926,1042589,1553684
2008,Washington,4387893,some college or associate's degree,454633,1041543,1544633,1347084
2007,Indiana,4143519,high school graduate (includes equivalency),590236,1542222,1096590,914471
2009,Washington,4445351,some college or associate's degree,458898,1067506,1539219,1379728
2015,Arizona,4536954,some college or associate's degree,630973,1110871,1537661,1257449
2019,Indiana,4502015,high school graduate (includes equivalency),468083,1526825,1294281,1212826
2010,Indiana,4229798,high school graduate (includes equivalency),548278,1521860,1200547,959113
2006,Indiana,4110754,high school graduate (includes equivalency),608494,1521427,1089344,891489
2014,Arizona,4436226,some college or associate's degree,618786,1079812,1515336,1222292
2012,Indiana,4278945,high school graduate (includes equivalency),532518,1510802,1233516,1002109
2011,Indiana,4255459,high school graduate (includes equivalency),541807,1509773,1224663,979216
2013,Maryland,4018701,bachelor's degree or higher,436072,1030851,1047973,1503805
2015,Indiana,4363573,high school graduate (includes equivalency),514136,1496775,1264542,1088120
2016,Colorado,3745506,bachelor's degree or higher,320586,822144,1109895,1492881
2017,Tennessee,4588453,high school graduate (includes equivalency),559884,1488080,1286327,1254162
2014,Indiana,4342916,high school graduate (includes equivalency),501670,1488013,1282631,1070602
2009,Indiana,4193210,high school graduate (includes equivalency),560938,1487584,1200368,944320
2015,Tennessee,4473487,high school graduate (includes equivalency),623805,1482137,1216465,1151080
2016,Indiana,4392576,high school graduate (includes equivalency),511499,1481882,1274349,1124846
2019,Tennessee,4693962,high school graduate (includes equivalency),562817,1480753,1302168,1348224
2018,Indiana,4467893,high school graduate (includes equivalency),491834,1480040,1284953,1211066
2013,Indiana,4312892,high school graduate (includes equivalency),536046,1478163,1271464,1027219
2018,Tennessee,4640823,high school graduate (includes equivalency),564949,1477132,1323317,1275425
2014,Tennessee,4425073,high school graduate (includes equivalency),628991,1473547,1204228,1118307
2005,Indiana,3956723,high school graduate (includes equivalency),580667,1468342,1066838,840876
2012,Maryland,3972135,bachelor's degree or higher,433833,1035053,1036262,1466987
2008,Indiana,4177420,high school graduate (includes equivalency),574735,1466600,1179714,956371
2016,Tennessee,4527198,high school graduate (includes equivalency),590313,1465937,1288093,1182855
2013,Arizona,4344737,some college or associate's degree,612204,1079149,1464943,1188441
2012,Arizona,4280464,some college or associate's degree,611490,1038170,1460218,1170586
2011,Arizona,4211223,some college or associate's degree,602097,1036587,1453341,1119198
2017,Indiana,4435317,high school graduate (includes equivalency),504862,1450767,1290230,1189458
2007,Washington,4327936,some college or associate's degree,462296,1107575,1448053,1310012
2011,Maryland,3915657,bachelor's degree or higher,435891,1010843,1024551,1444372
2015,Colorado,3671853,bachelor's degree or higher,323853,796984,1110240,1440776
2013,Tennessee,4370035,high school graduate (includes equivalency),630551,1437758,1219353,1082373
2010,Arizona,4146758,some college or associate's degree,595351,1040197,1437175,1074035
2011,Tennessee,4294392,high school graduate (includes equivalency),676522,1435886,1168086,1013898
2012,Tennessee,4336473,high school graduate (includes equivalency),644220,1433642,1205807,1052804
2019,Minnesota,3847212,bachelor's degree or higher,245690,939997,1228299,1433226
2009,Arizona,4248231,some college or associate's degree,672320,1057329,1432829,1085753
2010,Tennessee,4242391,high school graduate (includes equivalency),693842,1422131,1146054,980364
2008,Arizona,4192547,some college or associate's degree,678105,1048111,1413998,1052333
2007,Tennessee,4122693,high school graduate (includes equivalency),767964,1412303,1043139,899287
2006,Washington,4253582,some college or associate's degree,467600,1089695,1399948,1296339
2018,Minnesota,3809229,bachelor's degree or higher,252805,921287,1237009,1398128
2010,Maryland,3873474,bachelor's degree or higher,462627,1004589,1009415,1396843
2009,Tennessee,4213368,high school graduate (includes equivalency),710388,1388399,1145315,969266
2006,Tennessee,4037826,high school graduate (includes equivalency),772015,1388059,1003464,874288
2014,Colorado,3584463,bachelor's degree or higher,338882,783816,1087553,1374212
2005,Washington,4074619,some college or associate's degree,454347,1023914,1369756,1226602
2017,Minnesota,3778416,bachelor's degree or higher,261634,938908,1215748,1362126
2008,Tennessee,4176640,high school graduate (includes equivalency),711123,1359011,1151769,954737
2009,Maryland,3797739,bachelor's degree or higher,447385,1013865,981221,1355268
2005,Tennessee,3907666,high school graduate (includes equivalency),736403,1348744,971776,850743
2013,Colorado,3514235,bachelor's degree or higher,332384,761103,1092467,1328281
2008,Maryland,3741795,bachelor's degree or higher,449261,986866,989226,1316442
2007,Maryland,3713487,bachelor's degree or higher,466721,1019051,918784,1308931
2019,Missouri,4206162,high school graduate (includes equivalency),391815,1308859,1234207,1271281
2007,Missouri,3882538,high school graduate (includes equivalency),557451,1305247,1067625,952215
2006,Maryland,3717512,bachelor's degree or higher,479408,998620,936387,1303097
2007,Wisconsin,3727260,high school graduate (includes equivalency),409869,1300021,1070745,946625
2016,Minnesota,3725283,bachelor's degree or higher,263888,937937,1226474,1296984
2006,Missouri,3849275,high school graduate (includes equivalency),584805,1293654,1037306,933510
2012,Colorado,3444654,bachelor's degree or higher,323935,752200,1077513,1291006
2015,Minnesota,3700935,bachelor's degree or higher,267306,941170,1208452,1284007
2009,Wisconsin,3761656,high school graduate (includes equivalency),384701,1283862,1127665,965428
2006,Wisconsin,3682631,high school graduate (includes equivalency),428851,1282027,1046252,925501
2014,Missouri,4076767,high school graduate (includes equivalency),453826,1279755,1222475,1120711
2018,Missouri,4182787,some college or associate's degree,398377,1270247,1278269,1235894
2017,Missouri,4150275,high school graduate (includes equivalency),427539,1277505,1239392,1205839
2013,Missouri,4047283,high school graduate (includes equivalency),457687,1276285,1222306,1091005
2007,Arizona,4075825,some college or associate's degree,673859,1093262,1276117,1032587
2012,Missouri,4023641,high school graduate (includes equivalency),484404,1272777,1203790,1062670
2015,Missouri,4097212,high school graduate (includes equivalency),453624,1269953,1232775,1140860
2010,Missouri,3984849,high school graduate (includes equivalency),523635,1269737,1171658,1019819
2009,Missouri,3961562,high school graduate (includes equivalency),524505,1267009,1170953,999095
2011,Wisconsin,3831373,high school graduate (includes equivalency),369508,1266895,1180657,1014313
2016,Missouri,4121014,high school graduate (includes equivalency),429939,1265386,1253039,1172650
2010,Wisconsin,3800295,high school graduate (includes equivalency),375425,1265296,1158221,1001353
2008,Wisconsin,3758610,high school graduate (includes equivalency),389591,1264002,1139353,965664
2011,Missouri,4008554,high school graduate (includes equivalency),498272,1260623,1204677,1044982
2014,Minnesota,3672583,bachelor's degree or higher,272508,943377,1198164,1258534
2019,Wisconsin,4015285,bachelor's degree or higher,290862,1223392,1242652,1258379
2018,Wisconsin,3992022,some college or associate's degree,315219,1222475,1256252,1198076
2008,Missouri,3915849,high school graduate (includes equivalency),529450,1253360,1153832,979207
2005,Missouri,3729604,high school graduate (includes equivalency),557972,1249751,1027396,894485
2006,Arizona,3953375,some college or associate's degree,641803,1056153,1248730,1006689
2012,Wisconsin,3854170,high school graduate (includes equivalency),356531,1248011,1203475,1046153
2015,Wisconsin,3918997,some college or associate's degree,335544,1223628,1247367,1112458
2014,Wisconsin,3898162,high school graduate (includes equivalency),336636,1244668,1208764,1108094
2013,Wisconsin,3879291,high school graduate (includes equivalency),352563,1243158,1208939,1074631
2011,Colorado,3387310,bachelor's degree or higher,331285,757700,1055233,1243092
2017,Wisconsin,3958231,some college or associate's degree,301971,1214914,1238816,1202530
2005,Maryland,3583616,bachelor's degree or higher,464418,955095,926143,1237960
2005,Wisconsin,3579057,high school graduate (includes equivalency),402157,1233028,1050673,893199
2016,Wisconsin,3933329,some college or associate's degree,317744,1222607,1232803,1160175
2013,Minnesota,3629333,bachelor's degree or higher,274705,955079,1182666,1216883
2010,Colorado,3328045,bachelor's degree or higher,343432,759326,1014057,1211230
2005,Arizona,3703355,some college or associate's degree,598532,948896,1209215,946712
2012,Minnesota,3600744,bachelor's degree or higher,270170,952141,1183093,1195340
2009,Colorado,3293368,bachelor's degree or higher,351496,743807,1016471,1181594
2011,Minnesota,3560801,some college or associate's degree,283909,958243,1165798,1152851
2008,Colorado,3263026,bachelor's degree or higher,363496,746933,991130,1161467
2010,Minnesota,3528096,some college or associate's degree,288905,963579,1152776,1122836
2008,Minnesota,3456013,some college or associate's degree,290765,950861,1125033,1089354
2007,Colorado,3203704,bachelor's degree or higher,355376,797352,929708,1121268
2009,Minnesota,3486153,some college or associate's degree,297096,972163,1118853,1098041
2007,Minnesota,3429364,some college or associate's degree,307327,980837,1079736,1061464
2019,South Carolina,3563204,some college or associate's degree,415678,1015260,1077707,1054559
2018,Louisiana,3125733,high school graduate (includes equivalency),442559,1071772,852749,758653
2006,Minnesota,3387448,some college or associate's degree,316032,969471,1071270,1030675
2006,Colorado,3118500,bachelor's degree or higher,372810,765604,908906,1071180
2019,Louisiana,3140201,high school graduate (includes equivalency),440844,1066026,849056,784275
2017,Louisiana,3120277,high school graduate (includes equivalency),463819,1061526,852407,742525
2016,Louisiana,3115020,high school graduate (includes equivalency),486438,1059273,841403,727906
2005,Minnesota,3292174,some college or associate's degree,298540,923552,1059224,1010858
2015,Louisiana,3095255,high school graduate (includes equivalency),476770,1056533,843894,718058
2018,South Carolina,3492355,some college or associate's degree,403491,1043630,1055899,989335
2005,Colorado,2964773,bachelor's degree or higher,335800,706673,871123,1051177
2019,Alabama,3360058,high school graduate (includes equivalency),433073,1039241,1002387,885357
2014,Louisiana,3060688,high school graduate (includes equivalency),502503,1033528,823061,701596
2019,Oregon,2988118,bachelor's degree or higher,258399,687243,1010160,1032316
2016,South Carolina,3388476,some college or associate's degree,453654,981669,1030647,922506
2017,Alabama,3309607,high school graduate (includes equivalency),446943,1029982,987978,844704
2012,Louisiana,3006605,high school graduate (includes equivalency),510690,1029965,805882,660068
2014,Alabama,3256766,high school graduate (includes equivalency),497759,1028665,965935,764407
2017,South Carolina,3443851,some college or associate's degree,434848,1016072,1028591,964340
2018,Alabama,3337464,high school graduate (includes equivalency),448179,1026976,1010272,852037
2011,Louisiana,2972737,high school graduate (includes equivalency),520701,1024825,799271,627940
2013,Louisiana,3034973,high school graduate (includes equivalency),513636,1019022,818088,684227
2015,Alabama,3282252,high school graduate (includes equivalency),496882,1018063,974431,792876
2018,Oregon,2952380,some college or associate's degree,279925,655811,1014101,1002543
2019,Kentucky,3048442,high school graduate (includes equivalency),390653,1012643,879223,765923
2010,Louisiana,2945907,high school graduate (includes equivalency),531876,1012345,770791,630895
2016,Alabama,3300713,high school graduate (includes equivalency),491694,1011236,982261,815522
2007,Kentucky,2840026,high school graduate (includes equivalency),564243,1003985,703660,568138
2014,Kentucky,2967181,high school graduate (includes equivalency),461039,1003583,842858,659701
2012,Alabama,3209646,high school graduate (includes equivalency),514457,1003543,944487,747159
2015,Kentucky,2988790,high school graduate (includes equivalency),443964,1002541,846111,696174
2013,Alabama,3225447,high school graduate (includes equivalency),498648,1001134,968712,756953
2012,Kentucky,2935461,high school graduate (includes equivalency),476805,1000756,818755,639145
2015,South Carolina,3319832,some college or associate's degree,453855,977099,998637,890241
2017,Kentucky,3018953,high school graduate (includes equivalency),412486,997060,885855,723552
2011,Kentucky,2922350,high school graduate (includes equivalency),495014,996929,814382,616025
2010,Kentucky,2903308,high school graduate (includes equivalency),524691,996825,785409,596383
2019,Connecticut,2496420,bachelor's degree or higher,231839,668361,601672,994548
2009,Louisiana,2896932,high school graduate (includes equivalency),516420,994399,765982,620131
2018,Kentucky,3039414,high school graduate (includes equivalency),401064,990911,893654,753785
2008,Louisiana,2830500,high school graduate (includes equivalency),531559,990785,734306,573850
2016,Oregon,2857952,some college or associate's degree,277482,655893,990047,934530
2008,Kentucky,2872922,high school graduate (includes equivalency),536690,989402,781542,565288
2014,South Carolina,3260929,high school graduate (includes equivalency),451966,989223,962767,856973
2010,Alabama,3161521,high school graduate (includes equivalency),564876,988205,915745,692695
2018,Connecticut,2493396,bachelor's degree or higher,226254,669967,609945,987230
2017,Oregon,2901195,some college or associate's degree,262381,673810,986587,978417
2006,Alabama,3022878,high school graduate (includes equivalency),600750,986222,799090,636816
2011,Alabama,3193078,high school graduate (includes equivalency),551746,985450,945350,710532
2009,Kentucky,2877333,high school graduate (includes equivalency),526902,981970,764894,603567
2007,Louisiana,2742822,high school graduate (includes equivalency),551078,979695,652760,559289
2013,Kentucky,2953653,high school graduate (includes equivalency),469747,979031,837849,667026
2007,Alabama,3045893,high school graduate (includes equivalency),597330,978130,819024,651409
2005,Louisiana,2791859,high school graduate (includes equivalency),544500,977629,695347,574383
2006,Kentucky,2812772,high school graduate (includes equivalency),574720,975858,699799,562395
2008,Alabama,3078499,high school graduate (includes equivalency),557535,974088,869806,677070
2016,Kentucky,2995509,high school graduate (includes equivalency),428460,968299,896409,702341
2015,Oregon,2804461,some college or associate's degree,279585,654930,968279,901667
2009,Alabama,3115982,high school graduate (includes equivalency),557565,966912,904962,686543
2013,South Carolina,3198816,some college or associate's degree,460092,939047,965135,834542
2017,Connecticut,2493854,bachelor's degree or higher,239289,676911,613047,964607
2006,Louisiana,2734518,high school graduate (includes equivalency),563839,961890,654726,554063
2011,South Carolina,3110532,high school graduate (includes equivalency),493003,955509,913345,748675
2007,South Carolina,2909779,high school graduate (includes equivalency),522147,954015,751268,682349
2016,Connecticut,2467737,bachelor's degree or higher,233935,678776,601438,953588
2014,Oregon,2746957,some college or associate's degree,283446,666778,950487,846246
2015,Connecticut,2474718,bachelor's degree or higher,242268,678916,605490,948044
2012,South Carolina,3151616,some college or associate's degree,477291,937798,945505,791022
2005,Alabama,2944634,high school graduate (includes equivalency),580906,941983,791137,630608
2005,Kentucky,2715805,high school graduate (includes equivalency),570683,941493,679774,523855
2014,Connecticut,2471818,bachelor's degree or higher,245167,680274,606263,940114
2013,Oregon,2704043,some college or associate's degree,277306,655870,939747,831120
2010,South Carolina,3074357,high school graduate (includes equivalency),489881,937777,892208,754491
2012,Oregon,2671772,some college or associate's degree,270612,670179,931527,799454
2006,South Carolina,2845744,high school graduate (includes equivalency),532905,927647,738055,647137
2009,Oregon,2586798,some college or associate's degree,282601,624733,925005,754459
2011,Oregon,2644754,some college or associate's degree,281665,662549,924719,775821
2013,Connecticut,2465315,bachelor's degree or higher,254990,673455,619416,917454
2009,South Carolina,3019333,high school graduate (includes equivalency),494890,915789,873992,734662
2010,Oregon,2614886,some college or associate's degree,294137,653316,915630,751803
2008,South Carolina,2960522,high school graduate (includes equivalency),498104,913708,848214,700496
2012,Connecticut,2457978,bachelor's degree or higher,249186,682207,615448,911137
2008,Oregon,2580555,some college or associate's degree,292998,661252,901152,725153
2011,Connecticut,2444403,bachelor's degree or higher,266694,676513,617137,884059
2010,Connecticut,2434383,bachelor's degree or higher,277008,687618,604458,865299
2005,South Carolina,2723305,high school graduate (includes equivalency),498450,856809,742789,625257
2009,Connecticut,2370028,bachelor's degree or higher,271097,667775,587654,843502
2008,Connecticut,2364317,bachelor's degree or higher,268553,661750,592104,841910
2006,Oregon,2501372,some college or associate's degree,310546,668558,833252,689016
2019,Oklahoma,2619244,high school graduate (includes equivalency),303266,825284,804185,686509
2007,Oregon,2547452,some college or associate's degree,304779,697165,824686,720822
2018,Oklahoma,2607613,some college or associate's degree,301260,816934,821258,668161
2007,Connecticut,2359568,bachelor's degree or higher,282428,695183,564217,817740
2017,Oklahoma,2586414,some college or associate's degree,309014,804245,812619,660536
2013,Oklahoma,2506437,high school graduate (includes equivalency),332635,809792,767549,596461
2015,Oklahoma,2557863,high school graduate (includes equivalency),324658,808375,794826,630004
2016,Oklahoma,2571636,some college or associate's degree,313026,802529,807416,648665
2005,Connecticut,2300565,bachelor's degree or higher,278473,675701,543176,803215
2014,Oklahoma,2529885,high school graduate (includes equivalency),321930,801435,795152,611368
2006,Connecticut,2367511,bachelor's degree or higher,283402,704762,581936,797411
2005,Oregon,2384818,some college or associate's degree,299101,627297,797259,661161
2012,Oklahoma,2487456,high school graduate (includes equivalency),331560,786275,778314,591307
2010,Oklahoma,2449213,high school graduate (includes equivalency),337222,784855,766595,560541
2006,Oklahoma,2312121,high school graduate (includes equivalency),363208,783807,653123,511983
2011,Oklahoma,2469196,high school graduate (includes equivalency),338106,774960,768045,588085
2007,Oklahoma,2340504,high school graduate (includes equivalency),355195,773538,678661,533110
2008,Oklahoma,2359350,high school graduate (includes equivalency),341412,758273,736608,523057
2009,Oklahoma,2376783,high school graduate (includes equivalency),343209,756075,737223,540276
2005,Oklahoma,2244755,high school graduate (includes equivalency),351520,721388,669393,502454
2018,Nevada,2096574,some college or associate's degree,274055,581662,719023,521834
2019,Nevada,2136466,some college or associate's degree,280915,593417,713215,548919
2019,Arkansas,2036456,high school graduate (includes equivalency),254993,710306,595790,475367
2007,Iowa,1974476,high school graduate (includes equivalency),204824,702217,587818,479617
2006,Iowa,1952026,high school graduate (includes equivalency),216175,695373,571556,468922
2011,Arkansas,1943427,high school graduate (includes equivalency),315541,693216,539850,394820
2005,Iowa,1927018,high school graduate (includes equivalency),201245,692441,574625,458707
2013,Arkansas,1960503,high school graduate (includes equivalency),305438,691814,559314,403937
2018,Arkansas,2021939,high school graduate (includes equivalency),258986,686867,604811,471275
2014,Arkansas,1968414,high school graduate (includes equivalency),288737,686786,571933,420958
2012,Arkansas,1949382,high school graduate (includes equivalency),297252,685949,557072,409109
2019,Iowa,2123004,some college or associate's degree,156481,658822,685448,622253
2017,Nevada,2063180,some college or associate's degree,273017,592846,684037,513280
2017,Arkansas,2008398,high school graduate (includes equivalency),267542,683285,587457,470114
2017,Iowa,2093909,some college or associate's degree,165605,639230,683254,605820
2018,Iowa,2104792,some college or associate's degree,162649,649269,682334,610540
2016,Arkansas,1990448,high school graduate (includes equivalency),279622,681969,583024,445833
2015,Iowa,2074504,some college or associate's degree,171665,664912,681336,556591
2010,Iowa,2018785,high school graduate (includes equivalency),190644,681148,643442,503551
2015,Arkansas,1987819,high school graduate (includes equivalency),290071,678452,585915,433381
2014,Iowa,2062734,some college or associate's degree,162390,654890,675028,570426
2016,Nevada,2010610,some college or associate's degree,280533,585057,673245,471775
2016,Iowa,2087020,some college or associate's degree,172098,649532,672228,593162
2015,Nevada,1968167,some college or associate's degree,283361,549151,671974,463681
2012,Iowa,2036993,some college or associate's degree,171338,657642,671693,536320
2019,Utah,1911592,some college or associate's degree,133060,442206,671665,664661
2006,Arkansas,1847325,high school graduate (includes equivalency),360049,671500,479153,336623
2013,Iowa,2048270,high school graduate (includes equivalency),172313,670345,664103,541509
2011,Iowa,2027201,high school graduate (includes equivalency),190089,670103,643910,523099
2008,Iowa,1979224,high school graduate (includes equivalency),192889,668417,637678,480240
2010,Arkansas,1919422,high school graduate (includes equivalency),327424,664076,553904,374018
2007,Arkansas,1861810,high school graduate (includes equivalency),351075,663851,486644,360240
2008,Arkansas,1872814,high school graduate (includes equivalency),336960,663108,520806,351940
2009,Arkansas,1903914,high school graduate (includes equivalency),335417,662671,546893,358933
2018,Utah,1871902,some college or associate's degree,142082,423407,653968,652445
2009,Iowa,1980897,high school graduate (includes equivalency),188266,653961,641752,496918
2019,Kansas,1918081,bachelor's degree or higher,157757,504035,603800,652489
2016,Utah,1783244,some college or associate's degree,147403,404605,650301,580935
2014,Nevada,1919598,some college or associate's degree,285569,540814,649752,443463
2019,Mississippi,1979664,some college or associate's degree,290917,598609,648387,441751
2018,Kansas,1911426,bachelor's degree or higher,172033,485753,607497,646143
2017,Utah,1827035,some college or associate's degree,143535,408078,642980,632442
2017,Kansas,1904528,bachelor's degree or higher,171263,490769,599754,642742
2018,Mississippi,1977283,some college or associate's degree,288595,589363,640631,458694
2013,Nevada,1872884,some college or associate's degree,277958,532452,640374,422100
2014,Utah,1704734,some college or associate's degree,146524,391862,636145,530203
2005,Arkansas,1777242,high school graduate (includes equivalency),337534,631853,472538,335317
2017,Mississippi,1959341,some college or associate's degree,305968,595611,629265,428497
2013,Utah,1670449,some college or associate's degree,141282,382199,623473,523495
2016,Kansas,1891936,bachelor's degree or higher,178843,496294,595373,621426
2012,Nevada,1840642,some college or associate's degree,278202,529535,621108,411797
2014,Mississippi,1950710,some college or associate's degree,335974,585936,617847,410953
2015,Utah,1741949,some college or associate's degree,147766,421822,617649,554712
2015,Mississippi,1952337,some college or associate's degree,322809,605790,617139,406599
2016,Mississippi,1957022,some college or associate's degree,310734,603335,616690,426263
2012,Utah,1641335,some college or associate's degree,147511,378463,610840,504521
2014,Kansas,1881521,some college or associate's degree,182884,498750,606803,593084
2013,Kansas,1872445,some college or associate's degree,186251,498426,606352,581416
2013,Mississippi,1931054,some college or associate's degree,340494,591240,605914,393406
2012,Kansas,1863224,some college or associate's degree,182199,509404,605379,566242
2015,Kansas,1888479,some college or associate's degree,183754,501278,604384,599063
2010,Nevada,1789530,some college or associate's degree,274661,531333,595411,388125
2012,Mississippi,1911968,some college or associate's degree,338365,584142,594445,395016
2011,Mississippi,1912708,some college or associate's degree,360930,578273,593880,379625
2011,Utah,1608668,some college or associate's degree,155264,381551,593287,478566
2011,Kansas,1852094,some college or associate's degree,184722,516483,592782,558107
2006,Mississippi,1839682,high school graduate (includes equivalency),406089,588543,499688,345362
2010,Mississippi,1904406,some college or associate's degree,361791,583436,587660,371519
2007,Mississippi,1838878,high school graduate (includes equivalency),395441,586721,509246,347470
2011,Nevada,1810960,some college or associate's degree,290119,528392,585574,406875
2009,Utah,1573179,some college or associate's degree,151344,390291,583423,448121
2010,Utah,1584824,some college or associate's degree,149036,387683,582964,465141
2010,Kansas,1840681,some college or associate's degree,199609,511343,581841,547888
2009,Nevada,1728239,some college or associate's degree,277932,496477,577407,376423
2008,Kansas,1806450,some college or associate's degree,189506,504656,577333,534955
2005,Mississippi,1797084,high school graduate (includes equivalency),387231,575561,498732,335560
2008,Utah,1554634,some college or associate's degree,149162,379895,573838,451739
2009,Kansas,1809054,some college or associate's degree,185640,517000,573410,533004
2009,Mississippi,1865862,high school graduate (includes equivalency),366000,572627,561575,365660
2008,Nevada,1710130,some college or associate's degree,281648,486603,568064,373815
2008,Mississippi,1862456,some college or associate's degree,374441,559994,566970,361051
2007,Kansas,1790086,high school graduate (includes equivalency),194505,541019,538960,515602
2006,West Virginia,1262933,high school graduate (includes equivalency),239851,539089,275467,208526
2011,West Virginia,1294198,high school graduate (includes equivalency),204372,539023,311762,239041
2010,West Virginia,1294747,high school graduate (includes equivalency),217221,538546,312135,226845
2006,Kansas,1771185,high school graduate (includes equivalency),204078,536037,525209,505861
2014,West Virginia,1296350,high school graduate (includes equivalency),192046,532918,323129,248257
2015,West Virginia,1300347,high school graduate (includes equivalency),182115,529290,334528,254414
2017,West Virginia,1279350,high school graduate (includes equivalency),165261,526652,328981,258456
2012,West Virginia,1296201,high school graduate (includes equivalency),200806,526232,327479,241684
2005,Kansas,1725825,some college or associate's degree,194413,520710,524740,485962
2007,Nevada,1686098,some college or associate's degree,275010,521941,522069,367078
2013,West Virginia,1294025,high school graduate (includes equivalency),199570,520535,328965,244955
2007,Utah,1495759,some college or associate's degree,146928,398932,520499,429400
2006,Nevada,1644320,high school graduate (includes equivalency),265363,520461,517080,341416
2005,West Virginia,1239234,high school graduate (includes equivalency),233164,518760,277532,209778
2009,West Virginia,1263943,high school graduate (includes equivalency),217253,518118,310302,218270
2007,West Virginia,1261455,high school graduate (includes equivalency),237363,517789,287908,218395
2008,West Virginia,1265065,high school graduate (includes equivalency),224702,515881,308278,216204
2019,West Virginia,1281086,high school graduate (includes equivalency),164805,515431,331144,269706
2006,Utah,1437561,some college or associate's degree,140504,371677,514903,410477
2016,West Virginia,1291757,high school graduate (includes equivalency),181301,512228,329471,268757
2018,West Virginia,1280781,high school graduate (includes equivalency),156585,508339,342754,273103
2005,Utah,1387825,some college or associate's degree,136796,361729,502370,386930
2005,Nevada,1554923,some college or associate's degree,267720,478672,487559,320972
2019,New Mexico,1425988,some college or associate's degree,201328,376390,453672,394598
2017,New Mexico,1391475,some college or associate's degree,193565,370599,450811,376500
2018,New Mexico,1416481,some college or associate's degree,206688,370023,448058,391712
2016,New Mexico,1391381,some college or associate's degree,202941,370508,439699,378233
2012,New Mexico,1360330,some college or associate's degree,211788,360327,432927,355288
2015,New Mexico,1377548,some college or associate's degree,211608,369807,431671,364462
2014,New Mexico,1373822,some college or associate's degree,217112,362284,431492,362934
2019,Idaho,1170997,some college or associate's degree,99906,305274,429162,336655
2010,New Mexico,1341329,some college or associate's degree,223417,354726,428110,335076
2013,New Mexico,1361846,some college or associate's degree,214446,361553,426479,359368
2019,Nebraska,1271770,bachelor's degree or higher,101272,326389,421522,422587
2018,Nebraska,1266440,some college or associate's degree,108346,326400,420964,410730
2011,New Mexico,1354186,some college or associate's degree,227725,359628,420838,345995
2017,Nebraska,1259254,some college or associate's degree,109423,331081,419970,398780
2015,Nebraska,1232583,some college or associate's degree,110626,331868,417801,372288
2016,Nebraska,1243820,some college or associate's degree,113345,328348,411155,390972
2013,Nebraska,1215208,some college or associate's degree,118513,329595,410308,356792
2014,Nebraska,1224701,some college or associate's degree,119161,333560,410211,361769
2012,Nebraska,1206908,some college or associate's degree,114623,334350,408273,349662
2011,Nebraska,1196112,some college or associate's degree,107764,347223,406998,334127
2018,Idaho,1143747,some college or associate's degree,103868,318218,405399,316262
2008,New Mexico,1278005,some college or associate's degree,224513,334339,403223,315930
2009,New Mexico,1290920,some college or associate's degree,221781,340607,401402,327130
2017,Idaho,1111788,some college or associate's degree,101739,313029,399362,297658
2010,Nebraska,1184379,some college or associate's degree,114212,335752,395344,339071
2009,Nebraska,1153230,some college or associate's degree,117664,329580,390521,315465
2015,Idaho,1065982,some college or associate's degree,106534,292667,389869,276912
2014,Idaho,1045193,some college or associate's degree,103178,294862,385631,261522
2008,Nebraska,1151267,some college or associate's degree,113566,340895,384394,312412
2016,Idaho,1087265,some college or associate's degree,104129,302866,379860,300410
2012,Idaho,1012786,some college or associate's degree,103357,280462,371074,257893
2019,New Hampshire,979750,bachelor's degree or higher,65672,275105,270736,368237
2013,Idaho,1026889,some college or associate's degree,108946,281769,366768,269406
2007,New Mexico,1267808,high school graduate (includes equivalency),224925,364480,364096,314307
2006,Nebraska,1135868,some college or associate's degree,118861,351267,360037,305703
2011,Idaho,998460,some college or associate's degree,113699,275033,357633,252095
2018,New Hampshire,970748,bachelor's degree or higher,66510,269202,277457,357579
2007,Nebraska,1139229,some college or associate's degree,118373,350460,356780,313616
2017,New Hampshire,958005,bachelor's degree or higher,66560,268564,268989,353892
2006,New Mexico,1239433,some college or associate's degree,229510,343109,352988,313826
2005,Nebraska,1109836,some college or associate's degree,116533,340138,350337,302828
2010,Idaho,987829,some college or associate's degree,115466,282678,348757,240928
2016,New Hampshire,947586,bachelor's degree or higher,67898,256245,276765,346678
2008,Idaho,959162,some college or associate's degree,116354,266100,346551,230157
2005,New Mexico,1208938,high school graduate (includes equivalency),217785,345549,342081,303523
2009,Idaho,963730,some college or associate's degree,112027,278026,343425,230252
2006,Maine,923328,high school graduate (includes equivalency),103947,337675,243485,238221
2019,Hawaii,996668,bachelor's degree or higher,75978,273421,312060,335209
2007,Maine,922232,high school graduate (includes equivalency),97471,334985,243089,246687
2015,New Hampshire,937214,bachelor's degree or higher,64641,267078,271182,334313
2018,Hawaii,995589,bachelor's degree or higher,80079,266728,315209,333573
2012,Maine,947017,high school graduate (includes equivalency),79728,329267,273293,264729
2019,Maine,991152,bachelor's degree or higher,67314,311108,283731,328999
2017,Hawaii,997744,bachelor's degree or higher,77131,280494,311439,328680
2014,New Hampshire,931304,bachelor's degree or higher,73003,265993,266278,326030
2005,Maine,899536,high school graduate (includes equivalency),99044,325305,244850,230337
2008,Maine,928594,high school graduate (includes equivalency),95454,324960,272662,235518
2013,Maine,953962,high school graduate (includes equivalency),77761,322855,284158,269188
2010,Maine,937014,high school graduate (includes equivalency),90787,322397,272861,250969
2007,Idaho,946131,some college or associate's degree,110171,282497,322001,231462
2013,New Hampshire,924568,bachelor's degree or higher,66888,270826,267409,319445
2015,Hawaii,985914,some college or associate's degree,89995,267568,319157,309194
2016,Maine,966569,high school graduate (includes equivalency),74138,318369,282924,291138
2012,New Hampshire,919883,bachelor's degree or higher,75297,270690,256005,317891
2009,Maine,924973,high school graduate (includes equivalency),90677,317244,267777,249275
2016,Hawaii,990937,some college or associate's degree,79663,277743,316938,316593
2011,Maine,942537,high school graduate (includes equivalency),85566,314456,274964,267551
2015,Maine,961240,high school graduate (includes equivalency),79599,314332,277756,289553
2014,Hawaii,974586,some college or associate's degree,80889,277667,313691,302339
2017,Maine,971740,bachelor's degree or higher,74787,300716,284630,311607
2013,Hawaii,959903,some college or associate's degree,86365,263311,310976,299251
2006,Idaho,919203,some college or associate's degree,116820,277120,310887,214376
2011,Hawaii,939512,some college or associate's degree,88388,267463,310387,273274
2014,Maine,959407,high school graduate (includes equivalency),79414,310287,287925,281781
2018,Maine,983382,bachelor's degree or higher,68461,309259,295612,310050
2011,New Hampshire,914207,bachelor's degree or higher,78983,267726,262185,305313
2012,Hawaii,952281,some college or associate's degree,91486,269304,305275,286216
2008,New Hampshire,903088,bachelor's degree or higher,82239,262528,257434,300887
2010,New Hampshire,907755,bachelor's degree or higher,77536,270680,262058,297481
2005,Idaho,877031,some college or associate's degree,116426,259993,296239,204373
2010,Hawaii,926928,some college or associate's degree,93599,265263,294492,273574
2007,New Hampshire,895981,bachelor's degree or higher,84938,277516,242208,291319
2009,New Hampshire,902747,bachelor's degree or higher,78694,270372,264808,288873
2006,New Hampshire,896872,bachelor's degree or higher,90723,274960,244773,286416
2008,Hawaii,873046,some college or associate's degree,84846,250825,283202,254173
2009,Hawaii,882883,some college or associate's degree,84651,254898,282239,261095
2005,New Hampshire,867694,bachelor's degree or higher,87769,265622,238216,276087
2007,Hawaii,873724,some college or associate's degree,92430,260772,265158,255364
2019,Rhode Island,746952,bachelor's degree or higher,80207,212282,194188,260275
2006,Hawaii,863019,some college or associate's degree,94779,254442,257715,256083
2018,Rhode Island,740695,bachelor's degree or higher,80586,210606,194842,254661
2005,Hawaii,828917,high school graduate (includes equivalency),98959,253116,245201,231641
2018,Montana,735761,some college or associate's degree,45079,205496,251781,233405
2016,Rhode Island,734045,bachelor's degree or higher,84183,204045,195552,250265
2019,Montana,741950,bachelor's degree or higher,42682,211079,239041,249148
2017,Rhode Island,736969,bachelor's degree or higher,86292,220613,183540,246524
2015,Rhode Island,730083,bachelor's degree or higher,90044,204295,196926,238818
2013,Montana,689169,some college or associate's degree,50481,200303,238597,199788
2017,Montana,723666,some college or associate's degree,50729,203141,235979,233817
2016,Montana,712616,some college or associate's degree,51238,206415,234357,220606
2013,Rhode Island,719956,bachelor's degree or higher,101743,191854,193244,233115
2012,Montana,686770,some college or associate's degree,49467,204215,231159,201929
2019,Delaware,687311,bachelor's degree or higher,66522,207642,184948,228199
2014,Montana,695850,some college or associate's degree,51402,213165,227444,203839
2011,Montana,676793,some college or associate's degree,52247,206699,226929,190918
2018,Delaware,679700,high school graduate (includes equivalency),69081,225797,171830,212992
2012,Rhode Island,712271,bachelor's degree or higher,98769,198539,191220,223743
2015,Montana,706329,high school graduate (includes equivalency),45573,222399,222183,216174
2010,Montana,672952,some college or associate's degree,55633,201082,222377,193860
2011,Rhode Island,712266,bachelor's degree or higher,108411,187966,194077,221812
2014,Rhode Island,725871,bachelor's degree or higher,103245,208366,193366,220894
2017,Delaware,673686,high school graduate (includes equivalency),63551,218309,179743,212083
2009,Rhode Island,715565,bachelor's degree or higher,109551,200988,187050,217976
2010,Rhode Island,709979,bachelor's degree or higher,117129,192992,185272,214586
2008,Montana,648277,some college or associate's degree,58766,200319,213361,175831
2008,Rhode Island,708746,bachelor's degree or higher,115478,197197,183191,212880
2016,Delaware,662547,high school graduate (includes equivalency),70594,212474,174410,205069
2007,Rhode Island,710152,bachelor's degree or higher,120959,205846,171713,211634
2006,Rhode Island,712984,bachelor's degree or higher,125813,209896,166319,210956
2007,Montana,641019,high school graduate (includes equivalency),64179,208019,196010,172811
2009,Montana,648828,some college or associate's degree,59423,204204,207569,177632
2005,Rhode Island,705426,bachelor's degree or higher,116393,205724,176416,206893
2015,Delaware,652636,bachelor's degree or higher,72355,194810,183542,201929
2006,Montana,630680,high school graduate (includes equivalency),62596,201230,193847,173007
2005,Montana,619546,some college or associate's degree,57399,197873,200365,163909
2014,Delaware,640343,high school graduate (includes equivalency),70667,199747,174048,195881
2013,Delaware,629730,high school graduate (includes equivalency),73547,196726,172072,187385
2010,Delaware,600779,high school graduate (includes equivalency),74121,196159,163431,167068
2012,Delaware,618612,high school graduate (includes equivalency),71301,194904,169718,182689
2011,Delaware,611120,high school graduate (includes equivalency),79516,192931,162430,176243
2006,Delaware,566312,high school graduate (includes equivalency),81946,192075,139463,152828
2007,Delaware,573935,high school graduate (includes equivalency),72187,191244,160631,149873
2019,South Dakota,588029,some college or associate's degree,46294,176644,190307,174784
2016,South Dakota,565894,some college or associate's degree,50011,163910,188712,163261
2017,South Dakota,574559,some college or associate's degree,47626,176709,188486,161738
2018,South Dakota,582850,some college or associate's degree,45157,180511,186784,170398
2009,Delaware,595133,high school graduate (includes equivalency),75068,185594,163380,171091
2013,South Dakota,550959,some college or associate's degree,46395,172701,185557,146306
2014,South Dakota,555488,some college or associate's degree,46374,170122,184776,154216
2018,North Dakota,500779,some college or associate's degree,38508,129495,184166,148610
2019,North Dakota,504375,some college or associate's degree,33019,134432,183527,153397
2008,Delaware,581811,high school graduate (includes equivalency),74353,182263,165217,159978
2015,South Dakota,563108,some college or associate's degree,50042,175958,182223,154885
2005,Delaware,551079,high school graduate (includes equivalency),79327,181831,138042,151879
2012,South Dakota,544292,high school graduate (includes equivalency),51516,178006,171819,142951
2017,North Dakota,495904,some college or associate's degree,35023,130900,177542,152439
2014,North Dakota,478850,some college or associate's degree,37266,133393,176875,131316
2016,North Dakota,495015,some college or associate's degree,37744,134178,176770,146323
2011,South Dakota,537588,some college or associate's degree,50627,168906,176421,141634
2015,North Dakota,492017,some college or associate's degree,36968,135670,175976,143403
2007,South Dakota,512902,high school graduate (includes equivalency),60534,172858,151403,128107
2018,Vermont,445824,bachelor's degree or higher,28903,127349,116983,172589
2013,North Dakota,467815,some college or associate's degree,39783,128539,172555,126938
2019,Vermont,445558,bachelor's degree or higher,30858,129254,113174,172272
2006,South Dakota,505237,high school graduate (includes equivalency),59116,171524,149060,125537
2008,South Dakota,522989,some college or associate's degree,50558,169985,171396,131050
2016,Alaska,478951,some college or associate's degree,32977,133928,170469,141577
2011,Alaska,456862,some college or associate's degree,37621,128373,170407,120461
2010,Alaska,450577,some college or associate's degree,40376,114055,170323,125823
2009,South Dakota,523836,some college or associate's degree,52858,169343,170081,131554
2017,Alaska,481561,some college or associate's degree,40036,133132,169709,138684
2014,Alaska,465149,some college or associate's degree,33253,131987,169645,130264
2018,Alaska,485353,some college or associate's degree,32444,137293,169188,146428
2010,South Dakota,532379,some college or associate's degree,55215,168427,168951,139786
2017,Vermont,439267,bachelor's degree or higher,32420,127426,111255,168166
2011,North Dakota,448145,some college or associate's degree,41589,120688,167968,117900
2019,Alaska,484058,some college or associate's degree,31090,139156,167655,146157
2015,Alaska,469523,some college or associate's degree,34616,128052,167439,139416
2012,Alaska,464594,some college or associate's degree,37186,130277,167007,130124
2013,Alaska,462659,some college or associate's degree,38677,129029,165540,129413
2012,North Dakota,457904,some college or associate's degree,37965,128310,163754,127875
2015,Vermont,438654,bachelor's degree or higher,36469,127127,112986,162072
2008,Alaska,424901,some college or associate's degree,35557,112556,160754,116034
2009,Alaska,431178,some college or associate's degree,37072,119495,160076,114535
2016,Vermont,439563,bachelor's degree or higher,34570,128767,116371,159855
2005,South Dakota,485733,high school graduate (includes equivalency),55131,158891,151814,119897
2010,North Dakota,442946,some college or associate's degree,42763,119871,158013,122299
2013,Vermont,436174,bachelor's degree or higher,37271,133439,109647,155817
2012,Vermont,434948,bachelor's degree or higher,36269,132522,110652,155505
2009,North Dakota,419435,some college or associate's degree,41627,114416,155357,108035
2011,Vermont,434652,bachelor's degree or higher,35827,131219,113716,153890
2014,Vermont,438279,bachelor's degree or higher,35047,134352,115979,152901
2014,Wyoming,388962,some college or associate's degree,28842,106759,150028,103333
2008,North Dakota,418893,some college or associate's degree,43442,113472,149336,112643
2013,Wyoming,383914,some college or associate's degree,24837,109099,147975,102003
2018,Wyoming,393136,some college or associate's degree,26309,113351,147893,105583
2010,Vermont,431042,bachelor's degree or higher,38756,135729,111726,144831
2007,Alaska,421818,some college or associate's degree,40136,127441,144634,109607
2015,Wyoming,388747,some college or associate's degree,30425,111830,144458,102034
2007,Vermont,427339,bachelor's degree or higher,41498,139139,102961,143741
2007,North Dakota,413331,some college or associate's degree,45599,117971,143570,106191
2016,Wyoming,390794,some college or associate's degree,26691,114624,143562,105917
2006,Alaska,415630,some college or associate's degree,42738,119251,142040,111601
2008,Vermont,429859,high school graduate (includes equivalency),40339,141969,109463,138088
2010,Wyoming,370951,some college or associate's degree,28638,111983,140856,89474
2009,Vermont,425483,bachelor's degree or higher,38333,136581,109935,140634
2005,North Dakota,414015,some college or associate's degree,48867,119819,139816,105513
2012,Wyoming,380942,some college or associate's degree,31654,115631,139379,94278
2017,Wyoming,387700,some college or associate's degree,27353,114739,138511,107097
2006,Vermont,426930,bachelor's degree or higher,43422,138289,106709,138510
2019,Wyoming,389847,some college or associate's degree,21250,117501,137539,113557
2011,Wyoming,375608,some college or associate's degree,30163,115521,137076,92848
2005,Vermont,419246,bachelor's degree or higher,44213,134142,104657,136234
2005,Alaska,387609,some college or associate's degree,34734,112102,135032,105741
2006,North Dakota,409865,some college or associate's degree,48810,122742,133554,104759
2009,Wyoming,355793,some college or associate's degree,29064,109962,132203,84564
2008,Wyoming,349389,some college or associate's degree,29070,106916,130846,82557
2007,Wyoming,342256,some college or associate's degree,30227,108983,123120,79926
2006,Wyoming,339398,some college or associate's degree,33171,111587,117492,77148
2005,Wyoming,332295,some college or associate's degree,28768,111970,114613,76944
